NC_003450.3	21644
NC_003450.3	274977
NC_003450.3	364912
NC_003450.3	387460
NC_003450.3	406608
NC_003450.3	532307
NC_003450.3	574808
NC_003450.3	667963
NC_003450.3	684230
NC_003450.3	736480
NC_003450.3	770809
NC_003450.3	1043856
NC_003450.3	1279070
NC_003450.3	1751737
NC_003450.3	1809619
NC_003450.3	1917121
NC_003450.3	1994025
NC_003450.3	1994032
NC_003450.3	1994038
NC_003450.3	2036724
NC_003450.3	2041951
NC_003450.3	2058943
NC_003450.3	2060507
NC_003450.3	2083859
NC_003450.3	2159918
NC_003450.3	2160737
NC_003450.3	2259541
NC_003450.3	2425773
NC_003450.3	2466444
NC_003450.3	2633330
NC_003450.3	2886985
NC_003450.3	2971412
NC_003450.3	3155328
NC_003450.3	3156189
NC_003450.3	3286754
